Nama Restoran,Preferensi Makanan,Lokasi Restoran,Harga Rata-Rata Makanan di Toko (Rp),Rating Toko,Jenis Suasana,Toko Sering Diskon (Ya/Tidak),Variasi Makanan,Pelayanan Khusus Pasangan (Ya/Tidak),Entertainment,Keramaian Restoran,Disajikan atau Ambil Sendiri,All You Can Eat atau Ala Carte,Latitude,Longitude
"Mie Bandung Chinese Food, Ngampilan",Chinese,3.23 km,39000,4.7,Santai,Tidak,"Bakmie, Aneka nasi, Chinese",Tidak,3,3,Disajikan,Ala Carte,-7.79836453,110.3625054
"Soto Tauco Pekalongan Bu Iswi, Jalan Bimokurdo No.46, Gondokusuman, Demangan",Indonesia,3.01 km,19000,3.7,Santai,Tidak,"Bakso & soto, Cepat saji, Minuman",Tidak,2,2,Disajikan,Ala Carte,-7.820074291,110.3876846
"Spesial Bakso Pak Jum Balai Kota, Umbulharjo",Indonesia,1.44 km,18000,3.6,Santai,Tidak,"Bakso & soto, Jajanan, Minuman",Tidak,2,2,Disajikan,Ala Carte,-7.9903424,110.6403779
Soto Ayam Kampung Dan Soto Daging Sapi Pak Ben,Indonesia,0.83 km,22000,3.8,Santai,Tidak,"Bakso & soto, Minuman",Tidak,1,2,Disajikan,Ala Carte,-7.810147665,110.3800884
Toba Tabo,Chinese,2.13 km,40000,4.7,Santai,Tidak,"Cepat saji, Bakmie, Chinese",Tidak,1,3,Disajikan,Ala Carte,-7.794417788,110.3930015
"Sop Ayam Klaten, Mantrijeron",Indonesia,3.1 km,16000,4.4,Santai,Tidak,"Cepat saji, Minuman, Bakso & soto",Tidak,4,3,Disajikan,Ala Carte,-7.808428693,110.3609423
"Legend Coffee, Yogyakarta",Western,3.21 km,37000,4.3,Santai,Tidak,"Chicken & duck, Beverages, Pizza & pasta, Coffee, Rice, Noodles, Western",Tidak,2,1,Disajikan,Ala Carte,-7.786238719,110.3725166
"Martabak Okonomiyaki BAMLY, Sonopakis",Japanese,5.58 km,25000,4.6,Santai,Ya,"Chicken & duck, Japanese, Martabak",Tidak,2,3,Disajikan,Ala Carte,-7.803018773,110.3379897
"Nasi Goreng Gemilang, Gedongkuning",Chinese,1.97 km,19000,4.7,Santai,Ya,Chinese,Tidak,3,2,Disajikan,Ala Carte,-7.803073773,110.4023989
"Restoran Mahkota (Tiong San), Pajeksan",Chinese,3.17 km,132000,4.7,Santai,Tidak,"Chinese, Ayam & bebek, Aneka nasi, Bakmie",Tidak,3,1,Disajikan,Ala Carte,-7.795934794,110.3641479
"Curryin, Perumnas",Japanese,5.8 km,42000,4.6,Santai,Tidak,Japanese,Tidak,2,1,Disajikan,Ala Carte,-7.767306345,110.4119962
"Marugame Udon, Hartono Mall Jogja",Japanese,6.02 km,68000,4.8,Formal,Tidak,Japanese,Tidak,1,1,Disajikan,Ala Carte,-7.760104119,110.399021
"YOSHINOYA BEEF BOWL, Transmart Maguwoharjo",Japanese,4.89 km,64000,4.7,Formal,Tidak,"Japanese, Fast food, Chicken & duck, Rice",Tidak,2,3,Disajikan,Ala Carte,-7.782857842,110.4097511
"Sushi Battousai, Suryodiningratan",Japanese,3.31 km,32000,4.5,Formal,Tidak,"Japanese, Snacks, Chinese",Tidak,1,2,Disajikan,Ala Carte,-7.798809971,110.3835872
"Mochi Sakura, Plaza Ambarukmo",Japanese,3.73 km,41000,4.2,Santai,Ya,"Japanese, Snacks, Sweets",Tidak,4,1,Disajikan,Ala Carte,-7.781558131,110.4014265
"Soto Pak Zaenal Barokah, Warungboto Umbulharjo",Indonesia,0.65 km,15000,4.5,Santai,Tidak,"Minuman, Bakso & soto",Tidak,4,2,Disajikan,Ala Carte,-7.807268946,110.3898147
"Warung Lawas, Prawirotaman",Western,1.9 km,41000,4.7,Santai,Tidak,"Pizza & pasta, Chicken & duck, Western, Rice, Beverages, Snacks, Sweets, Fast food, Bakery, Bakso & soto, Noodles, Coffee",Tidak,3,2,Disajikan,Ala Carte,-7.819853924,110.3720155
"Mediterranea Restaurant by Kamil, Matrijeron",Western,2.61 km,76000,4.8,Santai,Tidak,"Pizza & pasta, Western",Tidak,1,2,Disajikan,Ala Carte,-7.818300265,110.3645276
"Rustik Bistro & Bar, Hotel Harper Malioboro Yogyakarta",Western,3.92 km,32000,3.8,Formal,Tidak,"Rice, Beverages, Western",Tidak,2,3,Disajikan,Ala Carte,-7.784683563,110.3679658
"Gyudel Bowl & Nasi Goreng, Depok",Japanese,5.2 km,29000,4.7,Formal,Tidak,"Rice, Fast food, Japanese",Tidak,2,1,Disajikan,Ala Carte,-7.767217263,110.3993669
"Sushi Story, Gejayan",Japanese,5.76 km,62000,4.6,Formal,Tidak,"Seafood, Japanese",Tidak,2,3,Disajikan,Ala Carte,-7.760284305,110.3944373
"Burgerax, Imogiri Timur",Western,3.24 km,38000,4.6,Santai,Tidak,"Snacks, Western, Fast food",Tidak,4,2,Disajikan,Ala Carte,-7.841510665,110.3914371
"Pulung Steak & Ribs, Catur Tunggal",Western,3.64 km,43000,4.6,Santai,Ya,Western,Tidak,1,3,Disajikan,Ala Carte,-7.779913761,110.3888126
"Burger Bangor Express, Bantul",Western,4.22 km,40000,4.8,Santai,Tidak,"Western, Fast food, Chicken & duck",Tidak,3,1,Disajikan,Ala Carte,-7.816638227,110.3518329
"BurgeriOr, Tempel",Western,4.12 km,40000,4.7,Santai,Ya,"Western, Fast food, Snacks",Tidak,3,2,Disajikan,Ala Carte,-7.662380416,110.4122599
"Mamam Food, Pringgolayan Banguntapan",Western,2.17 km,27000,4.7,Santai,Tidak,"Western, Pizza & pasta, Rice",Tidak,2,1,Disajikan,Ala Carte,-7.815252834,110.4068895
"Yamie Panda, Cokroaminoto",Chinese,4.3 km,28000,4.7,Santai,Ya,"Bakmie, Chinese, Bakso & soto",Ya,3,1,Disajikan,Ala Carte,-7.794794701,110.3528869
"Kedai Mie Nyinyir, Sorogenen",Indonesia,1.46 km,22000,4.7,Santai,Ya,"Bakso & soto, Bakmie",Tidak,2,2,Disajikan,Ala Carte,-7.824963956,110.3824258
"Dudidu Dimsum, ISI",Chinese,5.54 km,40000,4.6,Santai,Ya,"Chinese, Japanese, Korean",Tidak,4,2,Disajikan,Ala Carte,-7.851296108,110.3554632
"Kwetiau Goreng Dan Nasi Goreng Seafood Makjoss, Batikan",Chinese,0.72 km,25000,4.6,Santai,Tidak,"Chinese, Seafood, Bakmie",Tidak,1,3,Disajikan,Ala Carte,-7.808976047,110.3821201
"Double O Resto, Tegalrejo",Japanese,4.61 km,30000,4.6,Santai,Tidak,"Coffee, Beverages, Japanese",Tidak,1,1,Disajikan,Ala Carte,-7.792030459,110.3512651
"HokBen Kitchen, Godean Jogjakarta",Japanese,5.22 km,49000,4.7,Formal,Tidak,"Fast food, Japanese",Tidak,4,1,Disajikan,Ala Carte,-7.781554482,110.3520414
Salad Sehat Fd,Japanese,4.79 km,30000,4.7,Santai,Tidak,"Fast food, Japanese, Korean",Tidak,3,3,Disajikan,Ala Carte,-7.810732918,110.3442992
"Bakmi Nikmat Rasa, Soragan",Indonesia,5.29 km,59000,4.6,Santai,Tidak,Japanese,Tidak,3,1,Disajikan,Ala Carte,-7.781695978,110.3501387
"GYU KATSU, CONDONGCATUR",Japanese,5.91 km,32000,4.7,Formal,Ya,"Japanese, Rice",Tidak,2,3,Disajikan,Ala Carte,-7.766444523,110.4141573
"Vegan Cafe Black Forest, Brontokusuman",Chinese,2.25 km,22000,4.7,Santai,Tidak,"Minuman, Chinese, Barat",Tidak,2,3,Disajikan,Ala Carte,-7.819117969,110.3682589
"Grennesia Salad Bar & Breakfast, Parangtritis",Western,2.23 km,22000,4.7,Formal,Tidak,"Rice, Western, Snacks",Tidak,1,3,Disajikan,Ala Carte,-7.818596527,110.3682243
"Chikuro Pakuwon Mall Jogja, Pakuwon Mall Lantai LG",Japanese,6.2 km,40000,4.6,Formal,Tidak,"Snacks, Japanese",Tidak,4,2,Disajikan,Ala Carte,-7.760191875,110.3987185
"Waroeng Steak And Shake, Tamansiswa",Western,1.18 km,40000,4.7,Santai,Tidak,Western,Tidak,2,1,Disajikan,Ala Carte,-7.80662264,110.3775938
"Burger King, Diponegoro",Western,4.32 km,57000,4.7,Santai,Ya,"Western, Fast food",Tidak,2,2,Disajikan,Ala Carte,-7.782902392,110.3626868
"ViaVia Jogja, Prawirotaman",Western,1.9 km,75000,4.8,Santai,Tidak,"Western, Indian, Pizza & pasta",Tidak,1,1,Disajikan,Ala Carte,-7.819116952,110.3715477
"AMco, Parangtritis",Japanese,2.47 km,108000,4.7,Formal,Tidak,"Western, Japanese, Pizza & pasta",Tidak,1,1,Disajikan,Ala Carte,-7.82302571,110.3682903
"The Rock Burger, Melati Wetan",Western,2.42 km,50000,4.7,Santai,Tidak,"Western, Rice, Fast food",Tidak,2,1,Disajikan,Ala Carte,-7.791575707,110.3932053
"Lotek Gado-Gado Bu Ning, Tamansiswa",Indonesia,1.34 km,26000,4.7,Santai,Tidak,"Aneka nasi, Ayam & bebek, Bakso & soto",Tidak,4,3,Disajikan,Ala Carte,-7.803719832,110.379324
"Pecel Lele Dan Bakso Mie Ayam Sakolehe, Umbulharjo",Indonesia,0.53 km,20000,4.5,Santai,Tidak,"Aneka nasi, Ayam & bebek, Bakso & soto",Tidak,3,2,Disajikan,Ala Carte,-7.79459951,110.3831112
"Pork King - Ricebox Babi, Gondokusuman",Chinese,2.22 km,52000,4.8,Santai,Tidak,"Aneka nasi, Cepat saji, Chinese",Tidak,4,1,Disajikan,Ala Carte,-7.794933456,110.3776295
"PigGoo Kitchen, Baciro",Chinese,2.65 km,52000,4.5,Santai,Tidak,"Bakmie, Chinese, Aneka nasi",Tidak,3,3,Disajikan,Ala Carte,-7.789578736,110.3935952
"Soto Sehati, Umbulharjo",Indonesia,0.75 km,26000,4.3,Santai,Tidak,Bakso & soto,Tidak,3,3,Disajikan,Ala Carte,-7.788626339,110.3914196
"Bakso Urat & Mie Ayam Rizky, Sorogenen",Indonesia,1.5 km,17000,4.8,Santai,Tidak,"Bakso & soto, Bakmie",Tidak,2,2,Disajikan,Ala Carte,-7.824319949,110.373425
Izakaya Japanese Resto,Japanese,5.55 km,120000,4.8,Formal,Tidak,"Beverages, Japanese, Seafood",Tidak,4,2,Disajikan,Ala Carte,-7.778874326,110.3487211
Yani's Kitchen,Chinese,3.58 km,26000,4.4,Santai,Tidak,"Chinese, Ayam & bebek, Aneka nasi, Bakmie",Tidak,2,3,Disajikan,Ala Carte,-7.791620268,110.3616316
"Seafood 99, Wonocatur",Chinese,2.33 km,23000,4.7,Santai,Tidak,"Chinese, Seafood, Aneka nasi",Tidak,1,1,Disajikan,Ala Carte,-7.802122254,110.4058263
"Hotaru Ramen, Banguntapan",Japanese,2.84 km,36000,4,Santai,Tidak,"Fast food, Japanese, Noodles",Tidak,4,3,Disajikan,Ala Carte,-7.798226441,110.4085508
Kantin Mama Mirza,Indonesia,0.99 km,17000,4.2,Santai,Tidak,"Jajanan, Bakso & soto, Aneka nasi",Tidak,3,2,Disajikan,Ala Carte,-7.806049657,110.3813224
"Mitsuru Ramen, Foodcourt135",Japanese,4.87 km,35000,4.3,Santai,Tidak,Japanese,Tidak,1,2,Disajikan,Ala Carte,-7.771153217,110.4023172
"Warung Ramen N Katsu, Chapter 1 Menteri Supeno",Japanese,0.74 km,30000,4.6,Santai,Tidak,Japanese,Tidak,2,2,Disajikan,Ala Carte,-7.816547897,110.38185
Deta Kitchen,Japanese,5.68 km,16000,4.4,Santai,Tidak,"Japanese, Chinese",Tidak,3,2,Disajikan,Ala Carte,-7.640255785,110.3319329
"Chicken Katsu Domreneo, Suryodiningratan",Japanese,3.01 km,21000,3.4,Santai,Ya,"Japanese, Rice, Chicken & duck",Tidak,1,3,Disajikan,Ala Carte,-7.817650552,110.3606493
"Sushi Yay, Selokan Yogya",Japanese,5.11 km,82000,4.7,Santai,Ya,"Japanese, Rice, Fast food, Chicken & duck",Tidak,4,2,Disajikan,Ala Carte,-7.772414836,110.4099162
Tanoshi Bedjo Homestay,Japanese,6.4 km,66000,4.5,Santai,Ya,"Japanese, Rice, Sate",Tidak,1,1,Disajikan,Ala Carte,-7.756789595,110.3725419
Kantin Siap Saji Zupa Soup The Eifel,Western,1.56 km,22000,3.9,Santai,Tidak,"Pizza & pasta, Rice, Western",Tidak,2,2,Disajikan,Ala Carte,-7.7984428,110.3890646
Penyetan Ayam Bakar Dan Suki Tomyam Yss Food,Japanese,6.09 km,32000,4.8,Santai,Tidak,"Rice, Chicken & duck, Japanese",Tidak,2,3,Disajikan,Ala Carte,-7.779740535,110.4314981
"Bento Yay, Selokan Yogya",Japanese,5.11 km,58000,4.7,Formal,Ya,"Rice, Japanese, Chicken & duck",Tidak,2,1,Disajikan,Ala Carte,-7.772446726,110.3996791
"Nikkou Ramen, Pakualaman",Japanese,1.64 km,32000,4.2,Santai,Tidak,"Rice, Noodles, Japanese",Tidak,4,3,Disajikan,Ala Carte,-7.801399431,110.3676463
"d'Sushi & Takoyaki, Rejodadi Sidorejo",Japanese,5.95 km,34000,4.4,Santai,Tidak,"Rice, Snacks, Japanese",Tidak,1,2,Disajikan,Ala Carte,-7.761932529,110.3977655
"Wangoen Zuppa Soup, Umbulharjo",Western,0.17 km,20000,4.7,Santai,Tidak,"Snacks, Western",Tidak,3,2,Disajikan,Ala Carte,-7.8140379,110.3762057
"Burgerax, Prawirotaman",Western,2.02 km,38000,4.7,Santai,Tidak,"Snacks, Western, Fast food",Tidak,3,3,Disajikan,Ala Carte,-7.806291941,110.3410466
"Kedai Jagoan Moy-Moy, Tamsis",Chinese,1.32 km,12000,4.7,Santai,Tidak,"Sweets, Chinese",Tidak,4,2,Disajikan,Ala Carte,-7.8062203,110.3673853
"Waroeng Steak and Shake, Demangan",Western,3.73 km,40000,4.7,Santai,Tidak,Western,Tidak,2,1,Disajikan,Ala Carte,-7.77927658,110.3891099
"Waroeng Steak and Shake, Jalan Bantul",Western,4.08 km,40000,4.7,Santai,Tidak,Western,Tidak,1,2,Disajikan,Ala Carte,-7.828701714,110.354175
"Spark Resto And Sports Bar, Prawirotaman",Western,2.21 km,36000,4.7,Santai,Ya,"Western, Beverages, Sate",Tidak,3,3,Disajikan,Ala Carte,-7.81861239,110.3683212
"Dapur Mamika, Jl Sisingamangaraja Gg Menur",Western,1.68 km,18000,3.9,Santai,Tidak,"Western, Chicken & duck, Rice",Tidak,4,1,Disajikan,Ala Carte,-7.5398732,108.7635291
"Burgerax, Demangan Baru",Western,3.59 km,38000,4.6,Santai,Tidak,"Western, Snacks, Fast food",Tidak,4,3,Disajikan,Ala Carte,-7.779041467,110.392223
"Pawon Mbokdis, Mantrigawen Lor",Japanese,2.28 km,20000,4.6,Santai,Tidak,"Aneka nasi, Bakmie, Chinese",Tidak,4,2,Disajikan,Ala Carte,-7.8091356,110.3575409
"Rm & Seafood 99, Sorowajan",Chinese,2.91 km,22000,4.2,Santai,Ya,"Aneka nasi, Bakmie, Chinese",Tidak,2,2,Disajikan,Ala Carte,-7.802303743,110.362915
"Pecel Lele, Rawon Dan Soto Lamongan Yuk In, Giwangan, Umbulharjo",Indonesia,1.38 km,15000,3.9,Santai,Tidak,"Aneka nasi, Bakso & soto",Tidak,3,2,Disajikan,Ala Carte,-7.823497521,110.3760582
"Ayam Geprek DBC, Beskalan",Indonesia,3.01 km,21000,4.7,Santai,Tidak,"Aneka nasi, Bakso & soto, Ayam & bebek, Minuman",Tidak,1,1,Disajikan,Ala Carte,-7.797181951,110.3647908
"Nasi Goreng & Halal Chinesefood MakJoss, Rumah Pagar Biru Salon Yuli",Chinese,0.72 km,25000,4.5,Santai,Ya,"Aneka nasi, Chinese, Bakmie",Tidak,2,2,Disajikan,Ala Carte,-7.809007935,110.3822166
"Soto Ayam 61, Gondomanan",Indonesia,3.01 km,19000,4.5,Santai,Tidak,"Ayam & bebek, Bakso & soto",Tidak,4,1,Disajikan,Ala Carte,-7.797198192,110.3651276
"Seblak Mang Cepot & Baso Aci Hoax, Umbulharjo",Indonesia,0.53 km,19000,4.6,Santai,Ya,"Ayam & bebek, Bakso & soto, Cepat saji",Tidak,3,3,Disajikan,Ala Carte,-7.811341619,110.3928751
"Buttersweet, Saman Utara",Western,3.14 km,20000,3.9,Santai,Tidak,"Bakery, Beverages, Western",Tidak,3,3,Disajikan,Ala Carte,-7.8346188,110.3586587
"Bakso Lontong Djeng Thathit, Suryodiningratan",Indonesia,3.06 km,16000,4,Santai,Tidak,Bakso & soto,Tidak,4,3,Disajikan,Ala Carte,-7.818360265,110.3604442
"Bakso Urat Arema Soringin, Langensari",Indonesia,3.02 km,19000,4.4,Santai,Tidak,Bakso & soto,Tidak,3,2,Disajikan,Ala Carte,-7.785819404,110.3825853
"Bakso Urat Cak Ari, Mataram",Indonesia,3.1 km,20000,4.5,Santai,Tidak,Bakso & soto,Tidak,4,2,Disajikan,Ala Carte,-7.792724116,110.3677079
"Soto Daging Lamongan Cak Ngun, Jl. Veteran No 212 Umbulharjo",Indonesia,0.43 km,24000,4.5,Santai,Tidak,Bakso & soto,Tidak,2,2,Disajikan,Ala Carte,-7.816021467,110.3854329
"Agenda Resto & Vibes, Arkadia",Western,2.04 km,48000,4.3,Santai,Tidak,"Beverages, Pizza & pasta, Western",Tidak,1,2,Disajikan,Ala Carte,-7.819084978,110.3597416
Raja Sate & Soto,Indonesia,0.76 km,27000,4.9,Santai,Tidak,"Cepat saji, Sate, Bakso & soto",Tidak,1,2,Disajikan,Ala Carte,-7.817929197,110.3919334
CHICKATS,Japanese,6.4 km,25000,4.7,Santai,Tidak,"Chicken & duck, Rice, Japanese",Tidak,3,1,Disajikan,Ala Carte,-7.759514703,110.3996974
Chinese Food / Sea Food Kondang,Chinese,2.33 km,31000,4.8,Santai,Tidak,"Chinese, Ayam & bebek, Seafood",Tidak,4,2,Disajikan,Ala Carte,-7.795855558,110.4000745
Suguhand Cafe,Western,3.35 km,111000,4.4,Santai,Tidak,"Coffee, Western, Pizza & pasta",Tidak,3,2,Disajikan,Ala Carte,-7.7829331,110.3814543
"HokBen, Kaliurang",Japanese,6.13 km,49000,4.8,Formal,Tidak,"Fast food, Japanese",Tidak,2,3,Disajikan,Ala Carte,-7.757481887,110.381792
"Pop Mart, Laksda Adi Sucipto (Korner)",Western,4.04 km,22000,4.7,Santai,Tidak,"Fast food, Western, Coffee",Tidak,1,1,Disajikan,Ala Carte,-7.79330862,110.3660663
"Tahu Walik & Soto Warisan, Masjid Umbulharjo",Indonesia,0.53 km,19000,4.6,Santai,Tidak,"Jajanan, Cepat saji, Bakso & soto",Tidak,3,2,Disajikan,Ala Carte,-7.8152551,110.3453799
"HokBen Kitchen, Brontokusuman Parangtritis",Japanese,2.29 km,49000,4.8,Formal,Tidak,"Japanese, Fast food",Tidak,4,1,Disajikan,Ala Carte,-7.820335011,110.3680696
"Hakata Ikkousha, Demangan Baru",Japanese,3.92 km,80000,4.7,Formal,Tidak,"Japanese, Noodles",Tidak,2,3,Disajikan,Ala Carte,-7.77794524,110.3928282
"Tanoshii Sushi, Pogung Dalangan",Japanese,6.4 km,58000,4.7,Santai,Ya,"Japanese, Rice, Korean, Snacks, Fast food",Tidak,3,2,Disajikan,Ala Carte,-7.754970186,110.3722934
"Pizza Hut, Sudirman",Western,3.68 km,119000,4.7,Formal,Tidak,"Pizza & pasta, Fast food, Western",Tidak,3,3,Disajikan,Ala Carte,-7.781708597,110.3735957
"Roaster and Bear, P. Mangkubumi",Western,3.87 km,87000,4.7,Santai,Tidak,"Rice, Chicken & duck, Beverages, Snacks, Sweets, Western, Coffee, Pizza & pasta",Tidak,3,1,Disajikan,Ala Carte,-7.784330733,110.3671617
"Essen Choco Pot, Gedong Kuning",Western,1.8 km,35000,4.7,Santai,Tidak,"Rice, Western, Beverages",Tidak,4,2,Disajikan,Ala Carte,-7.816839409,110.4020201
"Zona Seafood, Kotabaru",Chinese,3.24 km,44000,4.8,Santai,Tidak,"Seafood, Chinese",Tidak,3,3,Disajikan,Ala Carte,-7.789238855,110.3701785
Burgerax Demangan 2,Western,3.57 km,38000,4.2,Santai,Tidak,"Snacks, Fast food, Western",Tidak,4,3,Disajikan,Ala Carte,-7.7764299,110.337853
"Makan Burger & Toast, Mantrirejon",Western,3.01 km,21000,4.6,Santai,Tidak,Western,Tidak,1,2,Disajikan,Ala Carte,-7.8210709,110.3051127
"Reisban Coffee Shop, Menukan",Western,2.13 km,25000,4.7,Santai,Tidak,"Western, Coffee, Beverages",Tidak,1,1,Disajikan,Ala Carte,-7.823917668,110.3718586
"Pupa Meatshop, Banguntapan",Western,2.58 km,47000,4.8,Santai,Ya,"Western, Japanese, Korean",Tidak,1,2,Disajikan,Ala Carte,-7.791177173,110.4029387
"Pupa Meatshop, Prawirotaman",Western,2.19 km,47000,4.9,Santai,Ya,"Western, Japanese, Korean",Tidak,3,1,Disajikan,Ala Carte,-7.813286562,110.3672331
"Pepper Lunch, Hartono Mall",Japanese,6.02 km,92000,4.9,Formal,Ya,"Western, Japanese, Rice, Chicken & duck",Tidak,3,1,Disajikan,Ala Carte,-7.76011145,110.3991514
"King Star Kebab, Nogorojo",Western,3.33 km,23000,4.5,Santai,Tidak,"Western, Snacks",Tidak,3,2,Disajikan,Ala Carte,-7.785324103,110.3997932
"Yamie Panda, Kridosono",Chinese,3.04 km,28000,4.7,Santai,Ya,"Bakmie, Chinese",Ya,1,2,Disajikan,Ala Carte,-7.788442114,110.374828
"Warung Makan Bu Sri, Umbulharjo",Indonesia,1.1 km,13000,4.4,Santai,Tidak,"Aneka nasi, Ayam & bebek, Bakso & soto",Tidak,1,3,Disajikan,Ala Carte,-7.814933217,110.3910544
"Rumah Makan Terang Mulyo, Katamso",Chinese,2.07 km,42000,4.8,Santai,Ya,"Aneka nasi, Bakmie, Chinese",Tidak,4,3,Disajikan,Ala Carte,-7.812340453,110.3686627
SGPC Sop Penyetan Bu Wiryo Cendana,Indonesia,1.49 km,18000,4.8,Santai,Tidak,"Aneka nasi, Bakso & soto",Tidak,3,3,Disajikan,Ala Carte,-7.799554982,110.3845821
"Berkah Abadi, Pasar Kranggan",Chinese,4.13 km,28000,4.2,Santai,Tidak,"Ayam & bebek, Chinese",Tidak,1,2,Disajikan,Ala Carte,-7.7827077,110.3551869
"Mie Ayam Dan Bakso Babaran, Umbulharjo",Indonesia,0.29 km,17000,4.5,Santai,Tidak,"Bakmie, Bakso & soto",Tidak,3,2,Disajikan,Ala Carte,-7.811027114,110.3853677
Yamie Singkawang,Chinese,2.08 km,45000,4.7,Santai,Tidak,"Bakmie, Chinese",Tidak,4,3,Disajikan,Ala Carte,-7.813911966,110.3685451
"Easy Peasy Kitchen, Prawirotaman",Western,1.94 km,43000,4.8,Santai,Tidak,"Beverages, Western",Tidak,3,2,Disajikan,Ala Carte,-7.814784071,110.3710779
"Kiwae Ayam Kekinian, Nologaten",Western,4.29 km,30000,4.8,Santai,Ya,"Chicken & duck, Korean, Western",Tidak,2,1,Disajikan,Ala Carte,-7.7536518,110.363314
"Pepper Lunch, Plaza Ambarrukmo",Japanese,3.72 km,92000,4.6,Formal,Ya,"Chicken & duck, Rice, Japanese",Tidak,4,3,Disajikan,Ala Carte,-7.781979362,110.4016822
Makmur Spesial B2 Food,Chinese,4.04 km,31000,4.6,Santai,Ya,"Chinese, Aneka nasi, Bakmie",Tidak,4,1,Disajikan,Ala Carte,-7.784008623,110.3649076
"Rice&Steak, Ngipik, Potorono, Banguntapan, Bantul",Chinese,4.18 km,27000,4.5,Santai,Ya,"Fast food, Chinese, Western",Tidak,4,2,Disajikan,Ala Carte,-7.852588761,110.4058405
"Japanese Town Snack, Matrijeron",Japanese,3.78 km,27000,4.4,Santai,Tidak,"Fast food, Japanese, Snacks",Tidak,2,3,Disajikan,Ala Carte,-7.813398663,110.3538106
"Seblak Asgar, Lowanu",Indonesia,1.42 km,33000,4.5,Santai,Tidak,"Jajanan, Bakso & soto",Tidak,4,2,Disajikan,Ala Carte,-7.818830365,110.3762782
"Tora Tora, Kaliurang",Japanese,5.24 km,28000,4.6,Santai,Ya,"Japanese, Rice",Tidak,3,2,Disajikan,Ala Carte,-7.765669401,110.3795589
"Jajan Fast Food, Sisingamangaraja",Western,1.69 km,18000,4.4,Santai,Tidak,"Rice, Fast food, Western",Tidak,3,3,Disajikan,Ala Carte,-7.816288841,110.3732039
"Sate Taichan Hitz, Gejayan",Japanese,3.63 km,32000,4.6,Santai,Tidak,"Snacks, Japanese, Sate",Tidak,2,3,Disajikan,Ala Carte,-7.780315671,110.3884537
"Kebab Turki Babarafi, Babarsari",Western,4.55 km,23000,4.2,Santai,Tidak,"Snacks, Western",Tidak,4,3,Disajikan,Ala Carte,-7.7670178,110.3952517
"Boom Burger, Seturan",Western,4.56 km,37000,4.7,Santai,Tidak,Western,Tidak,4,3,Disajikan,Ala Carte,-7.777165599,110.4084319
"Dang! Burger, Glagah Sari",Western,0.26 km,29000,4.6,Santai,Tidak,Western,Tidak,2,3,Disajikan,Ala Carte,-7.810459677,110.3872146
"Burger Bangor Express, Taman Siswa",Western,1.4 km,40000,4.7,Santai,Tidak,"Western, Fast food, Chicken & duck",Tidak,2,3,Disajikan,Ala Carte,-7.803980944,110.3783312
"Yamie Panda, Timoho",Chinese,1.91 km,28000,4.7,Santai,Ya,"Bakmie, Bakso & soto, Chinese",Ya,3,3,Disajikan,Ala Carte,-7.796187751,110.3924969
"Cak No Chinese Food, Jogoyudan",Chinese,3.72 km,25000,4.7,Santai,Ya,"Aneka nasi, Bakmie, Chinese",Tidak,3,1,Disajikan,Ala Carte,-7.785040453,110.3684495
Warung Sop Iga Dan Soto Betawi Bu Tya,Indonesia,1.08 km,28000,4.5,Santai,Tidak,"Aneka nasi, Bakso & soto",Tidak,3,3,Disajikan,Ala Carte,-7.803376767,110.3904823
"Bakso dan Mie Ayam Muncul, Jl. Nyi Wiji Adhisoro",Indonesia,0.86 km,14000,4.5,Santai,Tidak,Bakso & soto,Tidak,1,3,Disajikan,Ala Carte,-7.817523865,110.3967476
"Sop Ayam Pak Min Klaten, Taman Siswa",Indonesia,1.23 km,20000,4.7,Santai,Ya,"Bakso & soto, Ayam & bebek, Aneka nasi",Tidak,2,3,Disajikan,Ala Carte,-7.8085731,110.3668568
"Warung Makan Bu Week, Tegalturi",Indonesia,1.37 km,15000,4.3,Santai,Tidak,"Bakso & soto, Minuman",Tidak,4,3,Disajikan,Ala Carte,-7.8252277,110.3776655
"DF HEALTHY KITCHEN (DF FIT CLUB), Yk",Western,3.64 km,76000,4.9,Santai,Tidak,"Beverages, Rice, Western",Tidak,3,1,Disajikan,Ala Carte,-7.780298451,110.3926283
"Ono Dimsum, Baciro",Japanese,2.35 km,17000,4.6,Santai,Tidak,"Chinese, Jajanan",Tidak,4,2,Disajikan,Ala Carte,-7.793704452,110.3778728
"Sushiruma, Babarsari",Japanese,5.43 km,30000,4.6,Santai,Ya,Japanese,Tidak,4,2,Disajikan,Ala Carte,-7.7746689,110.4079457
"Hokben Kitchen, Seturan Jogja",Japanese,5.5 km,49000,4.8,Formal,Tidak,"Japanese, Fast food",Tidak,1,1,Disajikan,Ala Carte,-7.768363003,110.3996888
"Tom Sushi, Hartono Mall Jogja",Japanese,6.03 km,56000,4.7,Formal,Tidak,"Japanese, Fast food",Tidak,3,1,Disajikan,Ala Carte,-7.759217197,110.3990575
"Banzai, Mergangsan",Japanese,1.2 km,45000,4.8,Formal,Tidak,"Japanese, Fast food, Rice",Tidak,3,1,Disajikan,Ala Carte,-7.777118669,110.4084345
"RamenYa!, Plaza Ambarrukmo",Japanese,3.71 km,73000,4.6,Santai,Tidak,"Japanese, Rice, Noodles",Tidak,2,3,Disajikan,Ala Carte,-7.781508122,110.401481
"Pizza Hut, Adi Sucipto Jogja",Western,3.99 km,119000,4.7,Formal,Tidak,"Pizza & pasta, Fast food, Western",Tidak,3,1,Disajikan,Ala Carte,-7.782680742,110.4074432
"Pizza Hut, Sultan Agung Yogyakarta",Western,1.49 km,119000,4.7,Formal,Tidak,"Pizza & pasta, Fast food, Western",Tidak,1,1,Disajikan,Ala Carte,-7.801806207,110.3796875
"Picnic! Pata X Sausage Tamansiswa, Jl. Tamansiswa No.49 Yogya",Western,1.24 km,29000,4.3,Santai,Tidak,"Pizza & pasta, Snacks, Western",Tidak,1,1,Disajikan,Ala Carte,-7.807195687,110.3776475
"Rumah Makan Tio Asli Ciu Chinese Food & Sea Food, Jetis",Chinese,3.84 km,120000,4.5,Santai,Tidak,"Seafood, Bakmie, Chinese",Tidak,4,2,Disajikan,Ala Carte,-7.780759354,110.3697518
"Manalagi KQ 5, Ngampilan",Chinese,3.7 km,26000,4.7,Santai,Tidak,"Seafood, Chinese",Tidak,1,2,Disajikan,Ala Carte,-7.801459536,110.3560544
"Lawson Shop, Tegalrejo",Japanese,4.43 km,44000,4,Formal,Tidak,"Snacks, Beverages, Japanese, Coffee, Korean",Tidak,3,3,Disajikan,Ala Carte,-7.788068586,110.3531723
"Burgerax, Glagahsari",Western,1.17 km,38000,4.2,Santai,Tidak,"Snacks, Western",Tidak,2,3,Disajikan,Ala Carte,-7.802270213,110.3889577
"Ini Baru Rajanya Steak, Banguntapan",Western,2.1 km,35000,4.6,Formal,Tidak,Western,Tidak,1,3,Disajikan,Ala Carte,-7.773025538,110.4049059
"Burger Bangor Express, Janti",Western,2.4 km,40000,4.7,Santai,Tidak,"Western, Fast food, Chicken & duck",Tidak,4,3,Disajikan,Ala Carte,-7.792885054,110.4006332
"Black Kebab, Wirobrajan",Middle Eastern,4.39 km,23000,4.4,Santai,Tidak,"Western, Middle Eastern, Snacks",Tidak,3,1,Disajikan,Ala Carte,-7.800825583,110.3495097
"Oz Resto & Cafe, Permata Demangan",Western,3.68 km,25000,4.7,Formal,Tidak,"Western, Pizza & pasta, Rice, Chicken & duck",Tidak,3,2,Disajikan,Ala Carte,-7.7848635,110.3672898
"Twisted Noodle, Gondokusuman",Chinese,3.54 km,12000,4.6,Santai,Tidak,"Bakmie, Chinese",Ya,2,2,Disajikan,Ala Carte,-7.784714773,110.3722821
"Yamie Panda, Demangan",Chinese,3.85 km,28000,4.7,Santai,Ya,"Bakmie, Chinese",Ya,2,2,Disajikan,Ala Carte,-7.778239969,110.3925141
"RM Makmur Chinese Food, Sosromenduran",Chinese,3.66 km,40000,4.7,Santai,Tidak,"Aneka nasi, Bakmie, Chinese",Tidak,2,3,Disajikan,Ala Carte,-7.792181208,110.3616031
"Brongkos Koyor dan Sop Buntut Mbak Ris, Balaikota",Indonesia,1.51 km,30000,4.7,Santai,Tidak,"Aneka nasi, Bakso & soto, Seafood",Tidak,2,1,Disajikan,Ala Carte,-7.77862836,110.3663588
Mie Ayam Goreng & Gado-gado Om Brewok,Indonesia,1.1 km,19000,4.6,Santai,Tidak,"Ayam & bebek, Bakmie, Bakso & soto",Tidak,1,3,Disajikan,Ala Carte,-7.810342806,110.3977001
"Bebek Peking dan Ayam Panggang Pak Gembul, Jl KH Ahmad Dahlan No 40",Chinese,3.16 km,45000,4.5,Santai,Tidak,"Ayam & bebek, Chinese, Aneka nasi",Tidak,1,2,Disajikan,Ala Carte,-7.8011695,110.3512219
"Soto Pak Zaenal, Dr. Supomo",Indonesia,0.86 km,15000,4.7,Santai,Tidak,Bakso & soto,Tidak,2,1,Disajikan,Ala Carte,-7.80737524,110.390555
Bakso Lapangan Tembak Senayan - Cendana,Indonesia,1.52 km,42000,4.6,Santai,Tidak,"Bakso & soto, Aneka nasi, Bakmie",Tidak,3,1,Disajikan,Ala Carte,-7.79941546,110.3847139
"Soto Ayam Jadul Mak Yem, Sorogenen",Indonesia,1.43 km,10000,4.6,Santai,Tidak,"Bakso & soto, Minuman",Tidak,1,3,Disajikan,Ala Carte,-7.825214069,110.3839975
"Ayam Geprek & Rice Bowl Tobiko Mentai, Karangkajen",Japanese,1.94 km,23000,4.7,Santai,Tidak,"Chicken & duck, Japanese, Beverages",Tidak,1,3,Disajikan,Ala Carte,-7.820886408,110.3720818
"Funkydak, Komplek Colombo",Western,3.83 km,58000,4.7,Santai,Tidak,"Chicken & duck, Western, Fast food",Tidak,4,3,Disajikan,Ala Carte,-7.778256599,110.3906974
RM. Gajah jaya,Chinese,3.31 km,25000,4.6,Santai,Tidak,Chinese,Tidak,1,1,Disajikan,Ala Carte,-7.782993872,110.3842852
"Hore Steak Jogja, Jl. Cenderawasih 32b",Western,3.72 km,77000,4.1,Formal,Tidak,"Fast food, Beverages, Western",Tidak,2,3,Disajikan,Ala Carte,-7.777574802,110.3886126
"Ichiban Sushi, Hartono Mall",Japanese,6.2 km,52000,4.7,Formal,Tidak,Japanese,Tidak,4,3,Disajikan,Ala Carte,-7.759303511,110.3998347
"BOX MIE, Monjali",Japanese,5.2 km,24000,4.7,Santai,Tidak,"Japanese, Noodles, Korean",Tidak,4,2,Disajikan,Ala Carte,-7.769567744,110.3684859
"Warung Makan Tokyo, Titik Maps Sabi Jogja",Japanese,4.06 km,17000,4.2,Santai,Ya,"Rice, Japanese, Seafood",Tidak,3,1,Disajikan,Ala Carte,-7.743571506,110.3735167
"East Pork - #1 Sei Babi Kupang In Jogja, Ampel",Western,3.7 km,30000,4.7,Santai,Tidak,"Rice, Western, Sate",Tidak,2,1,Disajikan,Ala Carte,-7.773839077,110.3961709
"Kebab Jawa, Sorogenen",Western,1.54 km,18000,4.5,Santai,Tidak,Western,Tidak,4,2,Disajikan,Ala Carte,-7.824709884,110.379678
"Iten Kitchen, PazelKitchen Sudirman",Western,3.66 km,26000,4.2,Formal,Tidak,"Western, Pizza & pasta",Tidak,1,2,Disajikan,Ala Carte,-7.783157162,110.3724198
Warung Toscana,Western,1.91 km,69000,4.6,Santai,Tidak,"Western, Pizza & pasta",Tidak,1,1,Disajikan,Ala Carte,-7.818883523,110.3711329
"Kedai Zu Pa ( Zuppa Soup & Pasta ) Kotabaru, Juadi",Western,3.23 km,21000,4.7,Santai,Tidak,"Western, Snacks, Pizza & pasta",Tidak,1,2,Disajikan,Ala Carte,-7.785891134,110.3763358
NABE COFFEE Soragan,Japanese,5.13 km,36000,4.8,Santai,Tidak,"Bakery, Japanese, Coffee",Tidak,3,2,Disajikan,Ala Carte,-7.787056075,110.3487385
"Mie Jakarta Express, Galeria Mall",Chinese,3.46 km,48000,4.6,Santai,Tidak,"Bakmie, Seafood, Chinese",Tidak,4,3,Disajikan,Ala Carte,-7.782019172,110.3790506
Soto Ayam Pak Satar,Indonesia,0.31 km,13000,4.5,Santai,Tidak,Bakso & soto,Tidak,3,2,Disajikan,Ala Carte,-7.811466365,110.3898401
"Mie Ayam Sae Raos, Jl Sidikan No. 71 Sorosutan",Indonesia,1.18 km,14000,4.2,Santai,Tidak,"Bakso & soto, Bakmie",Tidak,1,2,Disajikan,Ala Carte,-7.823259355,110.3855071
"Happy Juice & Soto Padang, Umbulharjo",Indonesia,0.77 km,18000,4.5,Santai,Tidak,"Bakso & soto, Minuman",Tidak,1,2,Disajikan,Ala Carte,-7.816380322,110.3815528
"Cerenti Restaurant, Hotel Grand Zuri",Western,3.63 km,66000,4.6,Formal,Tidak,"Barat, Pizza & pasta, Aneka nasi, Chinese",Tidak,1,2,Disajikan,Ala Carte,-6.292915738,106.6669828
"Sushi Tei, Komplek Colombo",Japanese,3.76 km,100000,4.7,Formal,Tidak,"Beverages, Seafood, Japanese",Tidak,1,3,Disajikan,Ala Carte,-7.645605902,110.3813682
"Bubur Ayam Kampung Hawila, Timoho",Chinese,1.94 km,25000,4.5,Santai,Tidak,"Cepat saji, Chinese, Aneka nasi",Tidak,4,3,Disajikan,Ala Carte,-7.789304344,110.4023765
"Nasi Ayam d' Katsu, Rejodadi Sidorejo",Japanese,5.95 km,38000,4.7,Santai,Tidak,"Chicken & duck, Japanese, Rice",Tidak,1,3,Disajikan,Ala Carte,-7.808799217,110.3338497
Kedai Liang Xin,Chinese,4.62 km,22000,4.7,Santai,Tidak,"Chinese, Japanese",Tidak,1,2,Disajikan,Ala Carte,-7.773056148,110.4005275
"My Kopi-O! Indonesian Bistro, Sagan",Western,3.76 km,51000,4.8,Santai,Tidak,"Coffee, Snacks, Western",Tidak,4,3,Disajikan,Ala Carte,-7.780524981,110.3767647
"Gokana Ramen & Teppan, Pakuwon Mall Jogja",Japanese,6.03 km,55000,4.5,Formal,Tidak,"Japanese, Rice",Tidak,1,2,Disajikan,Ala Carte,-7.75949755,110.3988088
"Katsukai, Selokan Mataram",Japanese,5.19 km,37000,4.1,Santai,Tidak,"Japanese, Rice",Tidak,1,1,Disajikan,Ala Carte,-7.768021867,110.4012454
"Kalluna, Kotabaru",Western,3.39 km,60000,4.7,Santai,Tidak,"Rice, Chicken & duck, Western",Tidak,4,2,Disajikan,Ala Carte,-7.785438264,110.3737967
"Daruma Donburi, Mlati, Sinduadi",Japanese,5.75 km,35000,4,Santai,Ya,"Rice, Japanese",Tidak,3,1,Disajikan,Ala Carte,-7.762307329,110.3747517
"Sabi Jogja, Caturtunggal",Japanese,4.07 km,49000,4.5,Santai,Ya,"Sate, Rice, Japanese",Tidak,2,2,Disajikan,Ala Carte,-7.772825692,110.4097781
"Brick Pastrami Burger, Kuliner Lor Tugu",Western,4.07 km,44000,4.5,Santai,Tidak,Western,Tidak,2,3,Disajikan,Ala Carte,-7.81481727,110.3603517
"Burger Bros, Mergangsan",Western,1.2 km,40000,4.7,Santai,Tidak,Western,Tidak,3,1,Disajikan,Ala Carte,-7.806460686,110.3777716
"Lawang Resto, Yellow Star Ambarrukmo Hotel",Western,3.47 km,28000,3.9,Santai,Tidak,Western,Tidak,1,3,Disajikan,Ala Carte,-7.783234902,110.3976181
"Waroeng Steak and Shake, HOS Cokroaminoto",Western,4.24 km,40000,4.7,Santai,Tidak,Western,Tidak,2,3,Disajikan,Ala Carte,-7.797553133,110.352271
"Kebab Turki Baba Rafi, Tegalrejo",Western,4.42 km,38000,4,Santai,Ya,"Western, Middle Eastern, Snacks",Tidak,1,2,Disajikan,Ala Carte,-7.791768218,110.3533876
"Madam Tan Indonesian Food, Gondokusuman",Western,4.4 km,30000,4.6,Santai,Tidak,"Western, Pizza & pasta, Noodles, Seafood",Tidak,2,2,Disajikan,Ala Carte,-7.773834889,110.3751776
"Yamie Panda, Jalan Solo",Chinese,3.53 km,28000,4.7,Santai,Ya,"Chinese, Bakmie",Ya,3,2,Disajikan,Ala Carte,-7.789912,110.3854042
Soto Lamongan Cak Mangku,Indonesia,1.34 km,18000,4.6,Santai,Tidak,Bakso & soto,Tidak,1,1,Disajikan,Ala Carte,-7.801906154,110.3929427
"Soto Bu Kamto, Umbulharjo",Indonesia,0.93 km,15000,4.4,Santai,Tidak,"Bakso & soto, Aneka nasi, Ayam & bebek",Tidak,3,1,Disajikan,Ala Carte,-7.780392774,110.3603049
Bakso Ceker Mercon dan Penyetan Mayang Sidikan,Indonesia,0.78 km,18000,4,Santai,Ya,"Bakso & soto, Aneka nasi, Korea",Tidak,1,2,Disajikan,Ala Carte,-7.819170652,110.3846414
"Mie Ayam & Bakso Idolaku Pak Tikno, Tamansiswa",Indonesia,1.2 km,30000,4.7,Santai,Ya,"Bakso & soto, Bakmie",Tidak,1,2,Disajikan,Ala Carte,-7.812092148,110.3765407
"Soto Daging Sapi Lamongan Cak Sodik, Jl Veteran,umbuhalrjo",Indonesia,0.42 km,22000,4.4,Santai,Tidak,"Bakso & soto, Minuman, Cepat saji",Tidak,4,2,Disajikan,Ala Carte,-7.816021467,110.3854758
"YOSHINOYA BEEF BOWL, Kaliurang Jogja",Japanese,5.73 km,64000,4.8,Formal,Tidak,"Fast food, Japanese, Chicken & duck, Rice, Coffee",Tidak,1,2,Disajikan,Ala Carte,-7.761334981,110.3804058
"Melt Salad Fresh n Healthy Food, Sukun Raya",Western,3.04 km,19000,4.8,Santai,Tidak,"Fast food, Sweets, Western",Tidak,3,2,Disajikan,Ala Carte,-7.792448989,110.4059652
"Nasi Bakar Lagi Dan Mendoan Jumbo ""Mbakayune"", Umbulharjo",Indonesia,1.45 km,20000,4.7,Santai,Ya,"Jajanan, Aneka nasi, Bakso & soto",Tidak,4,2,Disajikan,Ala Carte,-7.823840916,110.3834963
"Oriyamie, Kusumanegara",Indonesia,1.26 km,20000,3.7,Santai,Ya,"Jajanan, Bakso & soto, Bakmie",Tidak,1,1,Disajikan,Ala Carte,-7.755631416,110.3791139
"Ichiban Sushi, Plaza Malioboro",Japanese,3.24 km,52000,4.6,Formal,Tidak,Japanese,Tidak,3,3,Disajikan,Ala Carte,-7.792763678,110.3662837
"Banzai, Tegalrejo",Japanese,5.03 km,49000,4.8,Formal,Tidak,"Japanese, Fast food, Rice",Tidak,1,1,Disajikan,Ala Carte,-7.777097408,110.4083487
"Nakdang, Banguntapan",Japanese,3.28 km,33000,4.6,Santai,Tidak,"Japanese, Rice, Chicken & duck",Tidak,4,2,Disajikan,Ala Carte,-7.8236961,110.3204497
"Boga Kitchen, Selokan Yogya",Japanese,5.11 km,82000,4.6,Santai,Ya,"Japanese, Rice, Fast food, Chicken & duck",Tidak,2,3,Disajikan,Ala Carte,-7.782647372,110.3558998
"Por Aqui Resto & IRD, Prawirotaman",Western,1.88 km,33000,4.6,Santai,Tidak,"Rice, Beverages, Western",Tidak,3,1,Disajikan,Ala Carte,-7.818952527,110.3716084
"Ayam Geprek Dan Katsu KALARASA, Umbulharjo",Japanese,1.02 km,18000,4.7,Santai,Ya,"Rice, Fast food, Japanese",Tidak,1,2,Disajikan,Ala Carte,-7.820508187,110.3909276
"Nasi Mangkok Uncle Dave, Depok/Caturtunggal/Seturan",Japanese,5.89 km,21000,4.6,Santai,Tidak,"Rice, Fast food, Japanese",Tidak,3,1,Disajikan,Ala Carte,-7.764479174,110.4096203
"Ramen Kanbai, Babarsari",Japanese,5.03 km,27000,4.3,Santai,Tidak,"Sweets, Japanese, Noodles",Tidak,2,3,Disajikan,Ala Carte,-7.773749608,110.410862
"Boom Burger, Mergangsan",Western,1.2 km,37000,4.6,Santai,Tidak,Western,Tidak,2,3,Disajikan,Ala Carte,-7.77721875,110.4083353
"Burger Bros, Seturan",Western,4.56 km,40000,4.7,Santai,Tidak,Western,Tidak,2,1,Disajikan,Ala Carte,-7.764438924,110.4108498
"Monalisa Burger Sisingamangaraja, seberang BDS syariah",Western,1.77 km,33000,4.7,Santai,Tidak,Western,Tidak,3,3,Disajikan,Ala Carte,-7.812101701,110.3733396
"Choky Spaghetti Steak, Sugiyono",Western,1.93 km,24000,4.7,Santai,Tidak,"Western, Rice",Tidak,4,3,Disajikan,Ala Carte,-7.814815838,110.3700773
"Steak Box, Gondokusuman, Kotabaru",Western,3.64 km,27000,4.5,Santai,Tidak,"Western, Rice, Fast food",Tidak,2,2,Disajikan,Ala Carte,-7.783314712,110.3725495
"Ta Wan, Malioboro",Chinese,3.24 km,56000,4.7,Formal,Ya,"Aneka nasi, Ayam & bebek, Chinese",Ya,1,2,Disajikan,Ala Carte,-7.792742748,110.3660905
"Yamie Panda, Lippo Mall Jogja",Chinese,3.26 km,28000,4.6,Santai,Ya,"Bakmie, Chinese",Ya,4,1,Disajikan,Ala Carte,-7.783817663,110.3906678
"Yamie Panda, Tamansiswa",Chinese,1.18 km,28000,4.7,Santai,Ya,"Chinese, Bakmie",Ya,4,3,Disajikan,Ala Carte,-7.811213336,110.3769639
Pondok Damai Mbah Tin,Chinese,3.54 km,23000,4.5,Santai,Ya,"Aneka nasi, Bakmie, Chinese",Tidak,1,3,Disajikan,Ala Carte,-7.811998995,110.3869864
"Mie Ayam Pancoran, Glagahsari",Indonesia,0.51 km,21000,3.9,Santai,Tidak,"Bakmie, Bakso & soto",Tidak,1,3,Disajikan,Ala Carte,-7.808131334,110.3876472
"Mie Kita Orang, Pasar Kranggan Lantai 2",Chinese,4.14 km,20000,4.2,Santai,Tidak,"Bakmie, Chinese",Tidak,4,3,Disajikan,Ala Carte,-7.782435422,110.3654419
"Bakso Cak Masrur, Timoho",Indonesia,1.58 km,43000,4.6,Santai,Tidak,Bakso & soto,Tidak,2,2,Disajikan,Ala Carte,-7.798886852,110.3909202
Mie Ayam Dan Bakso Urat Sari Roso Wonogiri,Indonesia,0.25 km,17000,4.7,Santai,Ya,Bakso & soto,Tidak,4,2,Disajikan,Ala Carte,-7.851660864,111.2691423
Soto Daging Sapi Lamongan Cak Lim,Indonesia,0.39 km,22000,4.6,Santai,Tidak,"Bakso & soto, Cepat saji, Aneka nasi",Tidak,2,3,Disajikan,Ala Carte,-7.8160315,110.3755927
"Etnik Kafe, Mergangsan",Chinese,1.87 km,23000,4.3,Santai,Tidak,"Chinese, Aneka nasi, Ayam & bebek",Tidak,2,1,Disajikan,Ala Carte,-7.808361858,110.3707998
Bakso Bakar Sosis Bakar Depokan,Indonesia,1.15 km,22000,4.4,Santai,Tidak,"Jajanan, Bakso & soto, Bakmie",Tidak,4,1,Disajikan,Ala Carte,-7.817542555,110.3966764
"HokBen, Malioboro Mall",Japanese,3.25 km,49000,4.7,Formal,Tidak,Japanese,Tidak,3,3,Disajikan,Ala Carte,-7.792629478,110.3660643
Silla Korean & Japanese Restaurant,Japanese,6.13 km,85000,4.8,Formal,Tidak,"Japanese, Korean",Tidak,2,1,Disajikan,Ala Carte,-7.757337171,110.3864515
"Aqori Angkringan Jepang, Kuliner Lor Tugu",Japanese,4.08 km,23000,4.4,Santai,Tidak,"Japanese, Snacks",Tidak,1,3,Disajikan,Ala Carte,-7.771580556,110.4016414
Bakso Urat dan Mie Ayam Krowal Krowel,Indonesia,1.38 km,15000,3.5,Santai,Tidak,"Minuman, Bakso & soto, Bakmie",Tidak,1,3,Disajikan,Ala Carte,-7.8253318,110.3760607
Bubur Ayam Bang Opik,Chinese,1.52 km,18000,4.5,Santai,Tidak,"Minuman, Cepat saji, Chinese",Tidak,3,1,Disajikan,Ala Carte,-7.818047406,110.3748508
"Sun Rice Bowl, Panggungharjo",Japanese,4.95 km,28000,4.7,Santai,Tidak,"Rice, Chicken & duck, Japanese",Tidak,3,2,Disajikan,Ala Carte,-7.752550677,110.4091308
"Sate Kambing Pak Tomek, Ngentak",Indonesia,3.06 km,22000,4.5,Santai,Tidak,"Sate, Aneka nasi, Bakso & soto",Tidak,3,3,Disajikan,Ala Carte,-7.786602474,110.3961961
"Seafood 99, Sorogenen",Chinese,1.4 km,32000,4.7,Santai,Tidak,"Seafood, Aneka nasi, Chinese",Tidak,4,1,Disajikan,Ala Carte,-7.825251458,110.3851288
"Lawson Shop, Imogiri Barat",Japanese,5.49 km,44000,4.7,Formal,Tidak,"Snacks, Beverages, Japanese, Coffee, Korean",Tidak,4,3,Disajikan,Ala Carte,-7.857645848,110.3748647
"Lawson Shop, Sorowajan",Japanese,2.75 km,44000,4.7,Formal,Tidak,"Snacks, Beverages, Japanese, Coffee, Korean",Tidak,4,2,Disajikan,Ala Carte,-7.790487519,110.3984665
"Burgerax, Gedongkuning",Western,1.64 km,38000,4.5,Santai,Tidak,"Snacks, Fast food, Western",Tidak,1,2,Disajikan,Ala Carte,-7.810063235,110.401964
"Hawker's Steak, JEC",Western,2.41 km,28000,4.5,Formal,Tidak,Western,Tidak,2,1,Disajikan,Ala Carte,-7.799622,110.3924594
"Pizza Aroma Italia 2, Gondokusuman",Western,2.37 km,107000,4.8,Formal,Tidak,"Western, Pizza & pasta",Tidak,2,2,Disajikan,Ala Carte,-7.793493149,110.3780139
"Blengerr, Hayam Wuruk",Chinese,2.73 km,34000,4.7,Santai,Ya,"Aneka nasi, Ayam & bebek, Chinese",Tidak,4,3,Disajikan,Ala Carte,-7.792565078,110.3732175
"Nasi Goreng dan Chinese Food Abah, Prawirotaman",Chinese,2.11 km,22000,4.8,Santai,Tidak,"Bakmie, Chinese, Aneka nasi",Tidak,1,1,Disajikan,Ala Carte,-7.820675621,110.3701821
Bakso Rahayu,Indonesia,1.47 km,14000,4.5,Santai,Tidak,Bakso & soto,Tidak,1,1,Disajikan,Ala Carte,-7.741574325,110.3626949
BAKSO URAT CAK EKA AREMA MALANG JATIM,Indonesia,3.01 km,16000,4.4,Santai,Tidak,Bakso & soto,Tidak,4,3,Disajikan,Ala Carte,-7.7975364,110.399494
"Soto Sapi Winong, Ngeksigondo",Indonesia,1.13 km,25000,4.9,Santai,Tidak,Bakso & soto,Tidak,4,2,Disajikan,Ala Carte,-7.819016423,110.3955941
"Mr. Teto Sate & Soto, Perintis Kemerdekaan",Indonesia,0.85 km,27000,4.8,Santai,Tidak,"Bakso & soto, Sate",Tidak,2,1,Disajikan,Ala Carte,-7.8186809,110.382439
"Steak 36 Kusumanegara, No.222 , Kota Yogyakarta",Western,1.51 km,24000,4.5,Santai,Tidak,"Chicken & duck, Western",Tidak,3,3,Disajikan,Ala Carte,-7.799879806,110.3762357
"Petit Paris Boulangerie and Bistro, Kotabaru",Western,3.22 km,103000,4.5,Formal,Tidak,"Chicken & duck, Western, Fast food",Tidak,3,2,Disajikan,Ala Carte,-7.788171555,110.3720125
"A&M Co. Express, Jogja",Japanese,3.95 km,75000,4.6,Formal,Tidak,"Fast food, Japanese",Tidak,4,1,Disajikan,Ala Carte,-7.82139948,110.368301
"Ayam Serundeng, Nitikan",Indonesia,1 km,21000,4.6,Santai,Tidak,"Jajanan, Aneka nasi, Bakso & soto",Tidak,3,3,Disajikan,Ala Carte,-7.820063669,110.3825211
"Hakata Ikkousha, Hartono Mall",Japanese,6.19 km,64000,4.6,Formal,Tidak,Japanese,Tidak,4,3,Disajikan,Ala Carte,-7.759774642,110.3991306
"Shigeru Sushi, Pakuwon Mall Yogyakarta",Japanese,6.1 km,50000,4.5,Formal,Ya,Japanese,Tidak,1,1,Disajikan,Ala Carte,-7.759316958,110.399229
"Kimukatsu, Hartono Mall",Japanese,5.94 km,67000,4.8,Formal,Tidak,"Japanese, Rice, Chicken & duck",Tidak,3,3,Disajikan,Ala Carte,-7.760782,110.3888315
"Beef Mafia, Selokan Yogya",Japanese,5.11 km,70000,4.8,Formal,Ya,"Japanese, Rice, Fast food, Chicken & duck",Tidak,4,1,Disajikan,Ala Carte,-7.775917534,110.4062254
"Genki Sushi, Plaza Ambarrukmo",Japanese,3.74 km,58000,4.7,Formal,Tidak,"Japanese, Rice, Snacks",Tidak,1,2,Disajikan,Ala Carte,-7.782006422,110.4012984
"K'Meals Bar & Restaurant, Prawirotaman",Western,2.02 km,40000,4.8,Formal,Tidak,"Pizza & pasta, Beverages, Western",Tidak,2,1,Disajikan,Ala Carte,-7.819172159,110.3703937
"Ganbate Kitchen, Widya Mataram",Japanese,3.3 km,31000,4.4,Santai,Tidak,"Rice, Chicken & duck, Japanese",Tidak,4,2,Disajikan,Ala Carte,-7.744678542,110.4184835
"AB Oriental Streetfood, Pedak",Japanese,3.14 km,32000,4.7,Santai,Ya,"Rice, Fast food, Japanese",Tidak,2,2,Disajikan,Ala Carte,-7.751733169,110.4089436
"Steak Moen-Moen, Galeria Mall",Western,3.47 km,26000,4.4,Formal,Tidak,Western,Tidak,4,3,Disajikan,Ala Carte,-7.781641811,110.3789289
"Steak Up, Mlati",Western,4.13 km,88000,4.6,Santai,Tidak,Western,Tidak,2,1,Disajikan,Ala Carte,-7.753222914,110.3597965
"Kebab Burger 26, Kotagede",Western,1.8 km,19000,4.3,Santai,Tidak,"Western, Fast food",Tidak,3,2,Disajikan,Ala Carte,-7.825790501,110.3974531
"Pothz Burger, STM Pembangunan",Western,4.48 km,27000,4.6,Santai,Tidak,"Western, Fast food",Tidak,3,1,Disajikan,Ala Carte,-7.772648387,110.3918134
Warung Buto,Chinese,2.2 km,43000,4.7,Santai,Tidak,"Aneka nasi, Chinese, Sate",Tidak,1,1,Disajikan,Ala Carte,-7.804675497,110.3693843
"Mie Surabaya Pak Joko, Gedongkuning Selatan",Chinese,1.62 km,18000,4.7,Santai,Tidak,"Bakmie, Aneka nasi, Chinese",Tidak,4,3,Disajikan,Ala Carte,-7.811684531,110.4022091
Bakso Dan Mie Ayam Barokah 354 Sor Talok,Indonesia,0.75 km,16000,4.6,Santai,Tidak,"Bakmie, Bakso & soto",Tidak,2,1,Disajikan,Ala Carte,-7.808802905,110.3929507
"Mie Kepang Jayakarta, Kusumanegara",Indonesia,1.26 km,42000,4.6,Santai,Ya,"Bakmie, Jajanan, Bakso & soto",Tidak,3,2,Disajikan,Ala Carte,-7.801559954,110.3850156
Warung Sop dan Tongseng Ayam Family,Indonesia,3.1 km,17000,4.2,Santai,Tidak,"Bakso & soto, Ayam & bebek",Tidak,2,3,Disajikan,Ala Carte,-7.826945301,110.3636664
"Ono Dimsum, Timoho",Indonesia,2.84 km,17000,4.6,Santai,Tidak,"Bakso & soto, Cepat saji, Jajanan",Tidak,4,1,Disajikan,Ala Carte,-7.787883875,110.3936769
Bakso Dan Seblak Asgar,Indonesia,0.51 km,17000,4.6,Santai,Ya,"Bakso & soto, Cepat saji, Minuman",Tidak,3,1,Disajikan,Ala Carte,-7.751776136,110.3608264
"Tanamera Coffee Roastery, Yogyakarta",Western,4.03 km,75000,4.5,Santai,Tidak,"Beverages, Coffee, Western",Tidak,3,1,Disajikan,Ala Carte,-7.782305712,110.3675446
"Rembo Chick n Steak, Mantrijeron",Western,3.66 km,15000,3.4,Santai,Tidak,"Chicken & duck, Western, Fast food",Tidak,2,1,Disajikan,Ala Carte,-7.820464769,110.3552221
"Oase Cafe & Coffe, Mergangsan",Chinese,1.3 km,22000,4.6,Santai,Tidak,"Chinese, Aneka nasi, Bakmie",Tidak,2,2,Disajikan,Ala Carte,-7.805174202,110.3774995
Rumah Makan Echo Roso 1,Chinese,3.06 km,27000,4.6,Santai,Tidak,"Chinese, Aneka nasi, Seafood",Tidak,3,2,Disajikan,Ala Carte,-7.84013675,110.3914617
"Vegan Fortunate Coffee, Jogonegaran",Western,3.57 km,45000,4.8,Santai,Ya,"Coffee, Western, Beverages",Tidak,4,3,Disajikan,Ala Carte,-7.793882768,110.3611307
"Onoki Mentai, Depok",Japanese,4.97 km,45000,4.8,Santai,Tidak,"Fast food, Japanese, Rice",Tidak,2,3,Disajikan,Ala Carte,-7.767876872,110.3909205
"Banzai!, Seturan",Japanese,4.56 km,49000,4.7,Formal,Tidak,Japanese,Tidak,3,1,Disajikan,Ala Carte,-7.777161189,110.4084452
"Ichiban Sushi, Plaza Ambarrukmo",Japanese,3.73 km,52000,4.6,Formal,Tidak,Japanese,Tidak,4,3,Disajikan,Ala Carte,-7.781685341,110.401484
Umami House Sushi & Dry Ramen,Japanese,2.74 km,21000,4.5,Santai,Ya,Japanese,Tidak,4,3,Disajikan,Ala Carte,-7.799841742,110.4086701
"Zutto Sushi Homemade, Elang",Japanese,4.71 km,30000,4.4,Santai,Tidak,Japanese,Tidak,2,1,Disajikan,Ala Carte,-7.771561608,110.3979915
"Marugame Udon & Tempura, Plaza Ambarrukmo",Japanese,3.64 km,68000,4.8,Formal,Tidak,"Japanese, Noodles",Tidak,4,3,Disajikan,Ala Carte,-7.781661651,110.4012663
"Warunk Sushi Condong Catur, Depok",Japanese,4.98 km,44000,4.6,Santai,Ya,"Rice, Fast food, Japanese",Tidak,1,2,Disajikan,Ala Carte,-7.769863955,110.4014999
Takoyaki Kuliner Lor Tugu,Japanese,4.06 km,22000,4.2,Santai,Tidak,"Snacks, Beverages, Japanese",Tidak,3,2,Disajikan,Ala Carte,-7.770799292,110.4014569
"Lawson Shop, Mantrijeron",Japanese,3.61 km,44000,4.4,Formal,Tidak,"Snacks, Beverages, Japanese, Coffee, Korean",Tidak,1,3,Disajikan,Ala Carte,-7.819165135,110.3555984
"Veno'S Burger, Mergangsan",Western,2.22 km,40000,4.1,Santai,Ya,"Snacks, Fast food, Western",Tidak,3,1,Disajikan,Ala Carte,-7.818754756,110.3681894
OMAH STEAK AND CHICKEN,Western,2.31 km,34000,4.7,Santai,Tidak,Western,Tidak,3,2,Disajikan,Ala Carte,-7.795679717,110.3994857
"Pondok Cabe Bistro, C Simanjuntak",Western,4.25 km,35000,4.5,Santai,Tidak,"Western, Pizza & pasta, Rice, Chicken & duck, Bakso & soto",Tidak,4,3,Disajikan,Ala Carte,-7.776754988,110.3738471
Waroeng Spaghetti Balapan,Western,3.25 km,25000,4.7,Santai,Ya,"Western, Snacks",Tidak,2,2,Disajikan,Ala Carte,-7.783895883,110.3824602
"Burgerax, Patangpuluhan",Western,4.59 km,38000,4.7,Santai,Tidak,"Western, Snacks, Fast food",Tidak,4,3,Disajikan,Ala Carte,-7.806781869,110.3411863
"Shaburi & Kintan Buffet, Ambarukmo Plaza Yogya",Japanese,3.67 km,330000,4.8,Formal,Tidak,"Japanese, Rice, Chicken & duck",Tidak,1,2,Ambil Sendiri,All You Can Eat,-7.782386552,110.4012905
